time,open,high,low,close,volume
2022-06-24T01:20:00.000Z,21450.68,21667.37,21408.66,21637.73,
2022-06-24T05:20:00.000Z,21635.9,21762.67,21598,21719.06,
2022-06-27T01:20:00.000Z,21976.8,22414.43,21976.8,22104.48,
2022-06-27T05:20:00.000Z,22115.36,22297.21,22108.73,22229.52,
2022-06-28T01:20:00.000Z,22144.63,22162.47,21952.44,22081.92,
2022-06-28T05:20:00.000Z,22087.06,22449.31,22061.63,22418.97,
2022-06-29T01:20:00.000Z,22125.61,22289.07,21988.48,22034.59,
2022-06-29T05:20:00.000Z,22018.34,22058.52,21844.05,21996.89,
2022-06-30T01:20:00.000Z,21917.45,22111.91,21912.69,22053.21,
2022-06-30T05:20:00.000Z,22054.17,22057.85,21719.17,21859.79,
2022-07-04T01:20:00.000Z,21690.68,21818.04,21458.63,21791.19,
2022-07-04T05:20:00.000Z,21791.66,21886.35,21747.13,21830.35,
2022-07-05T01:20:00.000Z,22053.16,22198.51,21807.53,21905.36,
2022-07-05T05:20:00.000Z,21902.08,21933.51,21799.19,21853.07,
2022-07-06T01:20:00.000Z,21777.64,21833.4,21451.66,21487.87,
2022-07-06T05:20:00.000Z,21487.68,21586.66,21286.66,21586.66,
2022-07-07T01:20:00.000Z,21352.7,21619.5,21200.93,21592.14,
2022-07-07T05:20:00.000Z,21589.95,21643.58,21511.1,21643.58,
2022-07-08T01:20:00.000Z,21961.75,21961.75,21652.66,21695.32,
2022-07-08T05:20:00.000Z,21695.93,21729.71,21614.65,21725.78,
2022-07-11T01:20:00.000Z,21470.77,21470.77,21057.51,21061.27,
2022-07-11T05:20:00.000Z,21062.04,21124.2,21001.63,21124.2,
2022-07-12T01:20:00.000Z,20905.07,21084.09,20779.59,20834.91,
2022-07-12T05:20:00.000Z,20836.28,20944,20836.28,20844.74,
2022-07-13T01:20:00.000Z,20911.53,21040.34,20863.48,20913.89,
2022-07-13T05:20:00.000Z,20914.95,20916.84,20751.48,20797.95,
2022-07-14T01:20:00.000Z,20818.27,20888.8,20721.63,20793.69,
2022-07-14T05:20:00.000Z,20791.13,20791.13,20554.15,20751.21,
2022-07-15T01:20:00.000Z,20522.11,20656.96,20378.2,20420.96,
2022-07-15T05:20:00.000Z,20420.14,20425.38,20215.97,20297.72,
2022-07-18T01:20:00.000Z,20479.58,20851.42,20294.14,20757.47,
2022-07-18T05:20:00.000Z,20755.81,20866.33,20741.97,20846.18,
2022-07-19T01:20:00.000Z,20719.2,20751.47,20549.44,20620.35,
2022-07-19T05:20:00.000Z,20616.49,20758.71,20595.64,20661.06,
2022-07-20T01:20:00.000Z,20968.42,21111.78,20925.6,20932.95,
2022-07-20T05:20:00.000Z,20933.92,20997.97,20884.92,20890.22,
2022-07-21T01:20:00.000Z,20811.6,20827.61,20585.84,20682.36,
2022-07-21T05:20:00.000Z,20683.88,20783.61,20527.35,20574.63,
2022-07-22T01:20:00.000Z,20717.47,20788.46,20562.66,20611.59,
2022-07-22T05:20:00.000Z,20613.75,20641.44,20513.8,20609.14,
2022-07-25T01:20:00.000Z,20516.34,20569.96,20406.63,20419.13,
2022-07-25T05:20:00.000Z,20407.38,20595.09,20353.68,20562.94,
2022-07-26T01:20:00.000Z,20676.68,20911.12,20631.82,20845.59,
2022-07-26T05:20:00.000Z,20845.42,20952.45,20836.1,20905.88,
2022-07-27T01:20:00.000Z,20684.48,20770.1,20572.42,20610.03,
2022-07-27T05:20:00.000Z,20610.58,20697.1,20592.39,20670.04,
2022-07-28T01:20:00.000Z,20705.46,20772.63,20533.42,20576.77,
2022-07-28T05:20:00.000Z,20570.76,20655.65,20566.45,20622.68,
2022-07-29T01:20:00.000Z,20647.45,20647.45,20094.89,20128.89,
2022-07-29T05:20:00.000Z,20127.61,20216.43,20050.05,20156.51,
2022-08-01T01:20:00.000Z,20026.6,20182.07,19883.92,20142.57,
2022-08-01T05:20:00.000Z,20143.21,20251.43,20098.53,20165.84,
2022-08-02T01:20:00.000Z,19943.16,19943.16,19515.54,19639.45,
2022-08-02T05:20:00.000Z,19640.39,19770.93,19603.76,19689.21,
2022-08-03T01:20:00.000Z,19865.69,19921.91,19690.33,19782.77,
2022-08-03T05:20:00.000Z,19782.39,19890.04,19685.48,19767.09,
2022-08-04T01:20:00.000Z,20011.25,20216.58,19995.46,20029.33,
2022-08-04T05:20:00.000Z,20030.82,20174.04,20015.66,20174.04,
2022-08-05T01:20:00.000Z,20283.59,20283.59,20096.54,20122.27,
2022-08-05T05:20:00.000Z,20119.03,20271.82,20117.51,20201.94,
2022-08-08T01:20:00.000Z,20065.35,20171.89,19978.69,20082.85,
2022-08-08T05:20:00.000Z,20081.38,20104.43,19954.04,20045.77,
2022-08-09T01:20:00.000Z,20039.3,20250.87,19856.23,20109.78,
2022-08-09T05:20:00.000Z,20110.75,20130.11,19975.64,20003.44,
2022-08-10T01:20:00.000Z,19956.51,19956.51,19559.93,19568.99,
2022-08-10T05:20:00.000Z,19569.3,19610.84,19469.11,19610.84,
2022-08-11T01:20:00.000Z,19840.57,20002.34,19789.96,19917.84,
2022-08-11T05:20:00.000Z,19917.92,20082.43,19908.65,20082.43,
2022-08-12T01:20:00.000Z,20158.29,20208.02,20011.38,20152.78,
2022-08-12T05:20:00.000Z,20152.65,20200.93,20113.42,20175.62,
2022-08-15T01:20:00.000Z,20038.48,20260.66,19984.04,20130.62,
2022-08-15T05:20:00.000Z,20130,20178.26,20027.96,20040.86,
2022-08-16T01:20:00.000Z,20107.14,20173.4,19926.6,19930.46,
2022-08-16T05:20:00.000Z,19929.39,19954.39,19662.61,19830.52,
2022-08-17T01:20:00.000Z,19995.77,20069.85,19800.58,20033.29,
2022-08-17T05:20:00.000Z,20032.91,20042.25,19903.88,19922.45,
2022-08-18T01:20:00.000Z,19991.94,19991.94,19764.36,19825.72,
2022-08-18T05:20:00.000Z,19825.94,19826.22,19675.46,19763.91,
2022-08-19T01:20:00.000Z,19656.8,19898.18,19656.8,19841.85,
2022-08-19T05:20:00.000Z,19841.54,19844.44,19686.98,19773.03,
2022-08-22T01:20:00.000Z,19572.42,19825.93,19564.19,19782.27,
2022-08-22T05:20:00.000Z,19782.57,19786.71,19656.71,19656.98,
2022-08-23T01:20:00.000Z,19644.23,19701.55,19463.53,19503.78,
2022-08-23T05:20:00.000Z,19503.48,19514.44,19377.09,19503.25,
2022-08-24T01:20:00.000Z,19542.24,19542.24,19189.54,19249.38,
2022-08-24T05:20:00.000Z,19248.83,19318.93,19227.46,19268.74,
2022-08-25T01:20:00.000Z,19418.46,19592.23,19418.46,19544.63,
2022-08-25T05:20:00.000Z,19542.83,19990.31,19499.09,19968.38,
2022-08-26T01:20:00.000Z,20138.69,20185.15,20055.11,20092.19,
2022-08-26T05:20:00.000Z,20092.2,20171.34,20050.97,20170.04,
2022-08-29T01:20:00.000Z,19960.29,20054.28,19889.67,20011.82,
2022-08-29T05:20:00.000Z,20011.65,20073.94,19984.18,20023.22,
2022-08-30T01:20:00.000Z,20062.73,20062.73,19645.57,19843.26,
2022-08-30T05:20:00.000Z,19845.04,19959.95,19814.3,19949.03,
2022-08-31T01:20:00.000Z,19589.85,20029.07,19564.84,20028.42,
2022-08-31T05:20:00.000Z,20028.96,20173.02,19885.11,19954.39,
2022-09-01T01:20:00.000Z,19761.72,19839.51,19602.32,19690.22,
2022-09-01T05:20:00.000Z,19691.46,19706.5,19532.86,19597.31,
2022-09-02T01:20:00.000Z,19572.47,19630.8,19392.58,19434.24,
2022-09-02T05:20:00.000Z,19434.32,19492.89,19342.49,19452.09,
2022-09-05T01:20:00.000Z,19299.09,19299.09,19064.79,19152.21,
2022-09-05T05:20:00.000Z,19151.77,19292.17,19137.24,19225.7,
2022-09-06T01:20:00.000Z,19261.7,19358.02,19107.6,19198.38,
2022-09-06T05:20:00.000Z,19198.5,19275.03,19134.94,19202.73,
2022-09-07T01:20:00.000Z,18915.87,18996.73,18844.23,18898.61,
2022-09-07T05:20:00.000Z,18897.78,19068.9,18818.78,19044.3,
2022-09-08T01:20:00.000Z,19043.84,19075.74,18919.88,18948.72,
2022-09-08T05:20:00.000Z,18947.88,18960.79,18803.76,18854.62,
2022-09-09T01:20:00.000Z,18893.65,19364.68,18893.65,19315.96,
2022-09-09T05:20:00.000Z,19315.22,19417.56,19297.79,19362.25,
2022-09-13T01:20:00.000Z,19404.64,19492.06,19298.31,19445.76,
2022-09-13T05:20:00.000Z,19443.93,19467.6,19296.25,19326.86,
2022-09-14T01:20:00.000Z,18933.3,18989.22,18813.43,18826.85,
2022-09-14T05:20:00.000Z,18825.38,18910.53,18797.79,18847.1,
2022-09-15T01:20:00.000Z,18833.9,19013.03,18833.9,18920.83,
2022-09-15T05:20:00.000Z,18919.55,18972.23,18851.14,18930.38,
2022-09-16T01:20:00.000Z,18732.44,18905.28,18678.22,18844.84,
2022-09-16T05:20:00.000Z,18844.97,18848.03,18761.69,18761.69,
2022-09-19T01:20:00.000Z,18695.35,18697.09,18528.22,18603.98,
2022-09-19T05:20:00.000Z,18603.18,18610.74,18494.54,18565.97,
2022-09-20T01:20:00.000Z,18700.68,18861.47,18685.46,18758.82,
2022-09-20T05:20:00.000Z,18758.63,18840.32,18743.35,18781.42,
2022-09-21T01:20:00.000Z,18638.85,18638.85,18451.44,18492.36,
2022-09-21T05:20:00.000Z,18492.59,18625.14,18434.65,18444.62,
2022-09-22T01:20:00.000Z,18080.93,18195.09,17965.33,18078.67,
2022-09-22T05:20:00.000Z,18078.89,18154.61,18060.09,18147.95,
2022-09-23T01:20:00.000Z,18055.59,18165.95,17952.16,18081.73,
2022-09-23T05:20:00.000Z,18081.09,18107.94,17926.29,17933.27,
2022-09-26T01:20:00.000Z,17781.87,18077.64,17740.53,17899.52,
2022-09-26T05:20:00.000Z,17899.24,17942.47,17727.4,17855.14,
2022-09-27T01:20:00.000Z,17838.65,17904.21,17648.42,17683.9,
2022-09-27T05:20:00.000Z,17683.43,17897.81,17683.43,17860.31,
2022-09-28T01:20:00.000Z,17703.39,17703.39,17347.24,17378.41,
2022-09-28T05:20:00.000Z,17380.3,17458.52,17184.54,17250.88,
2022-09-29T01:20:00.000Z,17570.17,17629.67,17401.72,17445.33,
2022-09-29T05:20:00.000Z,17456.73,17456.73,17046.83,17165.87,
2022-09-30T01:20:00.000Z,17165.93,17344.81,17016.28,17176.04,
2022-09-30T05:20:00.000Z,17174.82,17315.79,17138.8,17222.83,
2022-10-03T01:20:00.000Z,17050.25,17252.11,16925.56,16925.73,
2022-10-03T05:20:00.000Z,16925.65,17146.13,16906.96,17079.51,
2022-10-05T01:20:00.000Z,17811.97,18071.4,17682.85,18054.72,
2022-10-05T05:20:00.000Z,18054.86,18164.2,18042.94,18087.97,
2022-10-06T01:20:00.000Z,18100.48,18100.48,17958.14,18044.29,
2022-10-06T05:20:00.000Z,18044.56,18143.85,17983.57,18012.15,
2022-10-07T01:20:00.000Z,17851.62,17881.87,17768.62,17775.51,
2022-10-07T05:20:00.000Z,17775.68,17808.86,17717.73,17740.05,
2022-10-10T01:20:00.000Z,17449.36,17449.36,17240.34,17247.2,
2022-10-10T05:20:00.000Z,17248.48,17280.56,17174.61,17216.66,
2022-10-11T01:20:00.000Z,17194.73,17206.51,16820.72,16854.13,
2022-10-11T05:20:00.000Z,16853.72,16985.15,16789.97,16832.36,
2022-10-12T01:20:00.000Z,16758.27,16758.27,16441.09,16452.42,
2022-10-12T05:20:00.000Z,16448.91,17040.7,16438.6,16701.03,
2022-10-13T01:20:00.000Z,16700.65,16736.59,16468.6,16535.28,
2022-10-13T05:20:00.000Z,16534.26,16657.9,16389.11,16389.11,
2022-10-14T01:20:00.000Z,16671.68,16983.49,16671.68,16975.14,
2022-10-14T05:20:00.000Z,16975.82,17028.68,16535.37,16587.69,
2022-10-17T01:20:00.000Z,16479.74,16598.71,16308.95,16497.23,
2022-10-17T05:20:00.000Z,16497.3,16754.52,16461.06,16612.9,
2022-10-18T01:20:00.000Z,16860.2,16896.05,16558.41,16851.55,
2022-10-18T05:20:00.000Z,16850.96,16914.58,16735.77,16914.58,
2022-10-19T01:20:00.000Z,16805.91,16923.12,16670.39,16671.36,
2022-10-19T05:20:00.000Z,16671,16671,16508.37,16511.28,
2022-10-20T01:20:00.000Z,16230.79,16452.97,16010.72,16361.2,
2022-10-20T05:20:00.000Z,16356.79,16367.42,16186.65,16280.22,
2022-10-21T01:20:00.000Z,16331.11,16359.04,16176.3,16205.82,
2022-10-21T05:20:00.000Z,16206.04,16297.99,16137.18,16211.12,
2022-10-24T01:20:00.000Z,15894.75,15993.88,15328.14,15359.75,
2022-10-24T05:20:00.000Z,15357.48,15377.46,15082.84,15180.69,
2022-10-25T01:20:00.000Z,15242.1,15435.37,14947.39,15171.14,
2022-10-25T05:20:00.000Z,15172.39,15285.95,15070.76,15165.59,
2022-10-26T01:20:00.000Z,15096.32,15584.06,15041.4,15412.68,
2022-10-26T05:20:00.000Z,15413.33,15422.51,15207.3,15317.67,
2022-10-27T01:20:00.000Z,15721.27,15833.28,15536.18,15551.25,
2022-10-27T05:20:00.000Z,15550.73,15655.03,15410.97,15427.94,
2022-10-28T01:20:00.000Z,15424.94,15441.99,14987.64,14996.07,
2022-10-28T05:20:00.000Z,14985.97,14998.35,14770.09,14863.06,
2022-10-31T01:20:00.000Z,14830.69,15111.03,14597.31,15018.24,
2022-10-31T05:20:00.000Z,15021.82,15027.29,14652.35,14687.02,
2022-11-01T01:20:00.000Z,14859.92,15293.16,14859.92,15206.4,
2022-11-01T05:20:00.000Z,15207.14,15632.85,15130.83,15455.27,
2022-11-02T01:20:00.000Z,15389.55,15859.22,15276.76,15850.69,
2022-11-02T05:20:00.000Z,15851.47,15867.24,15769.03,15827.17,
2022-11-03T01:20:00.000Z,15477.74,15623.18,15301.67,15448.47,
2022-11-03T05:20:00.000Z,15449.65,15471.87,15316.35,15339.49,
2022-11-04T01:20:00.000Z,15442.76,16511.94,15442.76,16426.52,
2022-11-04T05:20:00.000Z,16416.41,16416.41,16128.65,16161.14,
2022-11-07T01:20:00.000Z,16031.79,16821.89,15980.85,16660.25,
2022-11-07T05:20:00.000Z,16654.09,16718.46,16525.57,16595.91,
2022-11-08T01:20:00.000Z,16640.6,16719.01,16430.06,16479.61,
2022-11-08T05:20:00.000Z,16482.98,16558.41,16430.01,16547.51,
2022-11-09T01:20:00.000Z,16552.8,16730.2,16270.27,16291.21,
2022-11-09T05:20:00.000Z,16290.91,16395.71,16213.03,16358.52,
2022-11-10T01:20:00.000Z,16138.22,16138.22,15945.2,16060.98,
2022-11-10T05:20:00.000Z,16061.24,16090.37,15997.98,16081.04,
2022-11-11T01:20:00.000Z,17120.05,17120.05,16829,17006.57,
2022-11-11T05:20:00.000Z,17005.77,17368.04,17005.02,17325.66,
2022-11-14T01:20:00.000Z,17999.26,18011.64,17585.45,17787.64,
2022-11-14T05:20:00.000Z,17786.06,17786.06,17518.88,17619.71,
2022-11-15T01:20:00.000Z,17665.8,18341.78,17552.3,18313.65,
2022-11-15T05:20:00.000Z,18317.53,18356.78,18140.78,18343.12,
2022-11-16T01:20:00.000Z,18169.21,18414.09,18031.87,18120.72,
2022-11-16T05:20:00.000Z,18119.59,18287.34,18079.11,18256.48,
2022-11-17T01:20:00.000Z,18071.6,18122.89,17711.84,17879.26,
2022-11-17T05:20:00.000Z,17878.5,18220.8,17808,18045.66,
2022-11-18T01:20:00.000Z,18316.36,18378.06,18062.04,18188.1,
2022-11-18T05:20:00.000Z,18188.99,18190.47,17910.66,17985.95,
2022-11-21T01:20:00.000Z,17654.15,17665.89,17389.45,17579.7,
2022-11-21T05:20:00.000Z,17580.56,17746.34,17580.56,17655.91,
2022-11-22T01:20:00.000Z,17625.19,17751.93,17411.4,17513.94,
2022-11-22T05:20:00.000Z,17512.17,17515.99,17287.6,17424.41,
2022-11-23T01:20:00.000Z,17460.9,17607.75,17375.96,17534.7,
2022-11-23T05:20:00.000Z,17535.29,17640.84,17499.4,17523.81,
2022-11-24T01:20:00.000Z,17684.53,17759.24,17517.12,17590.65,
2022-11-24T05:20:00.000Z,17593.52,17679.1,17584.43,17660.9,
2022-11-25T01:20:00.000Z,17673.2,17673.2,17412.04,17514.07,
2022-11-25T05:20:00.000Z,17515.86,17632.78,17497.8,17573.58,
2022-11-28T01:20:00.000Z,17000.23,17291.35,16833.68,17197.02,
2022-11-28T05:20:00.000Z,17201.86,17364.21,17143.85,17297.94,
2022-11-29T01:20:00.000Z,17558.6,18050.03,17536.45,18020.8,
2022-11-29T05:20:00.000Z,18005.43,18204.68,17878.53,18204.68,
2022-11-30T01:20:00.000Z,18141.56,18376.21,18052.32,18358.26,
2022-11-30T05:20:00.000Z,18362.88,18645.35,18188.37,18597.23,
2022-12-01T01:20:00.000Z,19058.9,19237.45,18788.68,18867.85,
2022-12-01T05:20:00.000Z,18868.28,18969.15,18679.35,18736.44,
2022-12-02T01:20:00.000Z,18785.28,18841.22,18530.82,18592.06,
2022-12-02T05:20:00.000Z,18593.16,18746.08,18567.52,18675.35,
2022-12-05T01:20:00.000Z,19221.68,19374.47,19035.14,19288.5,
2022-12-05T05:20:00.000Z,19289.55,19539.6,19269.46,19518.29,
2022-12-06T01:20:00.000Z,19211.7,19569.67,19202.87,19337.02,
2022-12-06T05:20:00.000Z,19337.3,19454.3,19238.97,19441.18,
2022-12-07T01:20:00.000Z,19380.8,19713.05,19332.38,19711.94,
2022-12-07T05:20:00.000Z,19708.69,19737.31,18799.81,18814.82,
2022-12-08T01:20:00.000Z,18965.05,19406.12,18965.05,19310.18,
2022-12-08T05:20:00.000Z,19305.48,19521.6,19253.63,19450.23,
2022-12-09T01:20:00.000Z,19484.23,19806.88,19404.5,19796.75,
2022-12-09T05:20:00.000Z,19796.27,19926.48,19722.96,19900.87,
2022-12-12T01:20:00.000Z,19594.52,19718.08,19444.79,19489.9,
2022-12-12T05:20:00.000Z,19491.93,19576.52,19366.22,19463.63,
2022-12-13T01:20:00.000Z,19458.02,19707.75,19382.3,19533.98,
2022-12-13T05:20:00.000Z,19534.28,19658.81,19529.61,19596.2,
2022-12-14T01:20:00.000Z,19775.33,19859.75,19528.71,19797.44,
2022-12-14T05:20:00.000Z,19795.99,19840.31,19655.23,19673.45,
2022-12-15T01:20:00.000Z,19612.67,19675.68,19233.86,19404.08,
2022-12-15T05:20:00.000Z,19403.27,19513.26,19335.68,19368.59,
2022-12-16T01:20:00.000Z,19343.7,19621.13,19130.53,19377.07,
2022-12-16T05:20:00.000Z,19377.73,19518.97,19354.91,19450.67,
2022-12-19T01:20:00.000Z,19472.21,19786.29,19276.18,19327.98,
2022-12-19T05:20:00.000Z,19328.22,19388.41,19255.95,19352.81,
2022-12-20T01:20:00.000Z,19156.94,19283.14,18971.63,19006.67,
2022-12-20T05:20:00.000Z,19005.53,19102.84,18885.2,19094.8,
2022-12-21T01:20:00.000Z,19190.91,19255.74,19066.86,19127.99,
2022-12-21T05:20:00.000Z,19128.06,19182.35,19063.3,19160.49,
2022-12-22T01:20:00.000Z,19537.45,19735,19475.68,19640.02,
2022-12-22T05:20:00.000Z,19640,19686.37,19559.65,19679.22,
2022-12-23T01:20:00.000Z,19382.23,19686.77,19380.47,19529.42,
2022-12-23T05:20:00.000Z,19516.88,19672.17,19515.36,19593.06,
2022-12-28T01:20:00.000Z,19787.94,20099.77,19787.94,19874.23,
2022-12-28T05:20:00.000Z,19872.84,19932.91,19800.86,19898.91,
2022-12-29T01:20:00.000Z,19648.4,19764.52,19539.84,19705.13,
2022-12-29T05:20:00.000Z,19689.28,19741.14,19656.14,19741.14,
2022-12-30T01:20:00.000Z,20030.85,20073.92,19788.66,19890.05,
2022-12-30T05:20:00.000Z,19890.15,19891.63,19781.41,19781.41,
2023-01-03T01:20:00.000Z,19570.43,20094.28,19303.73,20058.95,
2023-01-03T05:20:00.000Z,20058.68,20212.55,20018.42,20145.29,
2023-01-04T01:20:00.000Z,20319.98,20631.66,20233.39,20604.8,
2023-01-04T05:20:00.000Z,20606.81,20793.11,20482.36,20793.11,
2023-01-05T01:20:00.000Z,21295.87,21396.09,20962.4,21026.24,
2023-01-05T05:20:00.000Z,21025.61,21147.02,20997.9,21052.17,
2023-01-06T01:20:00.000Z,21220.89,21282.71,20998.33,20998.33,
2023-01-06T05:20:00.000Z,21000.73,21094.54,20862.77,20991.64,
2023-01-09T01:20:00.000Z,21295.94,21470.69,21216.92,21318.06,
2023-01-09T05:20:00.000Z,21319.91,21421.05,21260.73,21388.34,
2023-01-10T01:20:00.000Z,21370.42,21395.42,21187.73,21326.08,
2023-01-10T05:20:00.000Z,21326.95,21394.64,21252.26,21331.46,
2023-01-11T01:20:00.000Z,21463.82,21667.13,21425.92,21625.01,
2023-01-11T05:20:00.000Z,21622.14,21686.3,21327.41,21436.05,
2023-01-12T01:20:00.000Z,21599.82,21698.94,21223.84,21404.02,
2023-01-12T05:20:00.000Z,21403.89,21514.1,21313.65,21514.1,
2023-01-13T01:20:00.000Z,21605.07,21651.78,21474.98,21569.33,
2023-01-13T05:20:00.000Z,21560.26,21770.08,21504.45,21738.66,
2023-01-16T01:20:00.000Z,21818.65,21947.55,21731.69,21834.31,
2023-01-16T05:20:00.000Z,21835.2,21835.2,21572.51,21746.72,
2023-01-17T01:20:00.000Z,21678.05,21797.62,21472.56,21479.85,
2023-01-17T05:20:00.000Z,21478.19,21577.64,21417.25,21577.64,
2023-01-18T01:20:00.000Z,21514.8,21691.67,21422.19,21617.6,
2023-01-18T05:20:00.000Z,21616.18,21678,21559.49,21678,
2023-01-19T01:20:00.000Z,21452.26,21739.07,21383.03,21724.5,
2023-01-19T05:20:00.000Z,21725.97,21754.08,21571.27,21650.98,
2023-01-20T01:20:00.000Z,21812.46,21921.1,21754.35,21886.48,
2023-01-20T05:20:00.000Z,21895.25,22051.77,21888.57,22044.65,
2023-01-26T01:20:00.000Z,22386.37,22475.11,22329.07,22463.11,
2023-01-26T05:20:00.000Z,22462.73,22566.78,22420.88,22566.78,
2023-01-27T01:20:00.000Z,22614.92,22700.85,22483.78,22582.85,
2023-01-27T05:20:00.000Z,22588.4,22688.9,22577.68,22688.9,
2023-01-30T01:20:00.000Z,22579.88,22623.81,22184.15,22198.56,
2023-01-30T05:20:00.000Z,22188.94,22305.42,21992.51,22069.73,
2023-01-31T01:20:00.000Z,22190.27,22284.32,21758.16,21795.04,
2023-01-31T05:20:00.000Z,21800.34,21843.87,21631.55,21842.33,
2023-02-01T01:20:00.000Z,21920.8,21963.91,21703.6,21918.45,
2023-02-01T05:20:00.000Z,21920.43,22072.18,21868.56,22072.18,
2023-02-02T01:20:00.000Z,22276.23,22311.96,22060.93,22140.88,
2023-02-02T05:20:00.000Z,22140.68,22146.82,21930.53,21958.36,
2023-02-03T01:20:00.000Z,21811.08,21820.78,21459.65,21551.5,
2023-02-03T05:20:00.000Z,21569.77,21695.3,21559.88,21660.47,
2023-02-06T01:20:00.000Z,21349.17,21349.17,21085.72,21115.27,
2023-02-06T05:20:00.000Z,21114.37,21290.48,21087.58,21222.16,
2023-02-07T01:20:00.000Z,21288.39,21512.21,21282.26,21389.64,
2023-02-07T05:20:00.000Z,21387.24,21387.24,21259.21,21298.7,
2023-02-08T01:20:00.000Z,21283.9,21443.48,21178.87,21282.36,
2023-02-08T05:20:00.000Z,21279.14,21346.59,21238.05,21283.52,
2023-02-09T01:20:00.000Z,21154.25,21433.24,21151.27,21395.13,
2023-02-09T05:20:00.000Z,21397.47,21637.55,21396.51,21624.36,
2023-02-10T01:20:00.000Z,21559.44,21579.99,21157.52,21161.36,
2023-02-10T05:20:00.000Z,21176.98,21269.83,21160.75,21190.42,
2023-02-13T01:20:00.000Z,20910.08,21149.14,20799.91,21139.12,
2023-02-13T05:20:00.000Z,21139.02,21230.15,21065.36,21164.42,
2023-02-14T01:20:00.000Z,21235.92,21237.88,21074.94,21147.75,
2023-02-14T05:20:00.000Z,21146.35,21155.06,21092.93,21113.76,
2023-02-15T01:20:00.000Z,21116.84,21117.58,20726.83,20836.32,
2023-02-15T05:20:00.000Z,20837.56,20847.28,20745.76,20812.17,
2023-02-16T01:20:00.000Z,20947.07,21306.54,20887.7,21261.11,
2023-02-16T05:20:00.000Z,21257.81,21270.28,20924.04,20987.67,
2023-02-17T01:20:00.000Z,20958.63,21056.68,20817.96,20837.18,
2023-02-17T05:20:00.000Z,20836.84,20859.77,20703.74,20719.81,
2023-02-20T01:20:00.000Z,20681.47,20899.91,20606.85,20820.59,
2023-02-20T05:20:00.000Z,20818.24,20973.67,20804.43,20886.96,
2023-02-21T01:20:00.000Z,20859.5,20941.3,20617.42,20631.13,
2023-02-21T05:20:00.000Z,20631.83,20631.83,20503.05,20529.49,
2023-02-22T01:20:00.000Z,20512.49,20620.98,20344.86,20493.77,
2023-02-22T05:20:00.000Z,20495.21,20524.93,20404.44,20423.84,
2023-02-23T01:20:00.000Z,20339.15,20601.22,20325.99,20480.22,
2023-02-23T05:20:00.000Z,20480.95,20497.96,20323.24,20351.35,
2023-02-24T01:20:00.000Z,20223.67,20233.64,20006.78,20086.37,
2023-02-24T05:20:00.000Z,20074.54,20122.16,20006.83,20010.04,
2023-02-27T01:20:00.000Z,19821.03,20086.53,19804.56,19953.86,
2023-02-27T05:20:00.000Z,19937.59,19995.13,19836.04,19943.51,
2023-02-28T01:20:00.000Z,20020.17,20185.05,19921.05,19937.54,
2023-02-28T05:20:00.000Z,19938.38,19958.93,19783.07,19785.94,
2023-03-01T01:20:00.000Z,19849.97,20503.61,19849.97,20488.52,
2023-03-01T05:20:00.000Z,20487.78,20674.07,20393.78,20619.71,
2023-03-02T01:20:00.000Z,20390.02,20548.57,20321.25,20466.21,
2023-03-02T05:20:00.000Z,20467.18,20483.73,20418.74,20429.46,
2023-03-03T01:20:00.000Z,20703.14,20727.25,20498.16,20565.98,
2023-03-03T05:20:00.000Z,20575.88,20699.56,20556.76,20567.54,
2023-03-06T01:20:00.000Z,20437.87,20660.26,20410,20635.16,
2023-03-06T05:20:00.000Z,20634.23,20702.75,20588.79,20603.19,
2023-03-07T01:20:00.000Z,20606.83,21005.66,20536.3,20772.91,
2023-03-07T05:20:00.000Z,20770.91,20792.19,20358.78,20534.48,
2023-03-08T01:20:00.000Z,20256.89,20269.93,19979.54,20044.68,
2023-03-08T05:20:00.000Z,20048.91,20109.51,19969.47,20051.25,
2023-03-09T01:20:00.000Z,20082.42,20129.75,19966.72,20112.17,
2023-03-09T05:20:00.000Z,20111.63,20157.24,19907.58,19925.74,
2023-03-10T01:20:00.000Z,19580.78,19637.72,19398.06,19442.38,
2023-03-10T05:20:00.000Z,19442.56,19501.54,19281.97,19319.92,
2023-03-13T01:20:00.000Z,19411.88,19791.64,19390.38,19703.43,
2023-03-13T05:20:00.000Z,19703.75,19748.56,19594.68,19695.97,
2023-03-14T01:20:00.000Z,19524.51,19639.52,19193.45,19382.59,
2023-03-14T05:20:00.000Z,19382.13,19400.1,19122.82,19247.96,
2023-03-15T01:20:00.000Z,19523.49,19745.44,19446.6,19491.16,
2023-03-15T05:20:00.000Z,19493,19589.27,19431.09,19539.87,
2023-03-16T01:20:00.000Z,19197.97,19388.77,19109.07,19258.95,
2023-03-16T05:20:00.000Z,19260.29,19298.2,19114.42,19203.91,
2023-03-17T01:20:00.000Z,19439.84,19597.18,19303.29,19489.04,
2023-03-17T05:20:00.000Z,19501.13,19573.68,19410.44,19518.59,
2023-03-20T01:20:00.000Z,19352.9,19382.97,18955.91,18999.85,
2023-03-20T05:20:00.000Z,19001.96,19037.95,18829.11,19000.71,
2023-03-21T01:20:00.000Z,19118.87,19210.03,19018.1,19117.37,
2023-03-21T05:20:00.000Z,19116.91,19295.64,19111.85,19258.76,
2023-03-22T01:20:00.000Z,19428.36,19775.69,19428.36,19589.81,
2023-03-22T05:20:00.000Z,19588.57,19647.51,19557.8,19591.43,
2023-03-23T01:20:00.000Z,19619.74,19821.89,19523.5,19810.45,
2023-03-23T05:20:00.000Z,19811.83,20051.26,19808.51,20049.64,
2023-03-24T01:20:00.000Z,19919.65,20118.29,19834.45,19958.63,
2023-03-24T05:20:00.000Z,19958.45,19999.87,19848.1,19915.68,
2023-03-27T01:20:00.000Z,19851.79,19938.77,19509.49,19784.24,
2023-03-27T05:20:00.000Z,19784.55,19839.92,19530.73,19567.69,
2023-03-28T01:20:00.000Z,19688.31,19796.75,19559.47,19731.18,
2023-03-28T05:20:00.000Z,19730.68,19875.11,19686.67,19784.65,
2023-03-29T01:20:00.000Z,20348.64,20437.69,20123.12,20160.86,
2023-03-29T05:20:00.000Z,20163.69,20230.51,20107.73,20192.4,
2023-03-30T01:20:00.000Z,20216.79,20300.33,20017.17,20160.28,
2023-03-30T05:20:00.000Z,20156.45,20320.02,20156.45,20309.13,
2023-03-31T01:20:00.000Z,20583.88,20721.97,20421.84,20454.14,
2023-03-31T05:20:00.000Z,20455.84,20507.71,20357.41,20400.11,
2023-04-03T01:20:00.000Z,20379.5,20475.43,20267.63,20323.66,
2023-04-03T05:20:00.000Z,20322.79,20427.44,20226.95,20409.18,
2023-04-04T01:20:00.000Z,20364.36,20364.36,20126.9,20208.52,
2023-04-04T05:20:00.000Z,20207.6,20347,20177.1,20274.59,
2023-04-06T01:20:00.000Z,20146.22,20343.86,20099.48,20211.39,
2023-04-06T05:20:00.000Z,20220.76,20335.87,20158.6,20331.2,
2023-04-11T01:20:00.000Z,20566.59,20750.73,20293.37,20372.65,
2023-04-11T05:20:00.000Z,20372.91,20486.6,20309.36,20485.24,
2023-04-12T01:20:00.000Z,20481.53,20494.81,20296.88,20330.33,
2023-04-12T05:20:00.000Z,20329.88,20373.84,20236.92,20309.86,
2023-04-13T01:20:00.000Z,19977.96,20271.97,19885.53,20214.58,
2023-04-13T05:20:00.000Z,20215.55,20344.48,20142.83,20344.48,
2023-04-14T01:20:00.000Z,20422.72,20482.68,20297.16,20382.05,
2023-04-14T05:20:00.000Z,20381.4,20444.87,20345.13,20438.81,
2023-04-17T01:20:00.000Z,20374.51,20578.26,20299.15,20512.94,
2023-04-17T05:20:00.000Z,20512.79,20864.74,20512.79,20782.45,
2023-04-18T01:20:00.000Z,20643.41,20742.39,20559.08,20603.57,
2023-04-18T05:20:00.000Z,20603.99,20663.64,20561.57,20650.51,
2023-04-19T01:20:00.000Z,20633,20633,20394.93,20514.55,
2023-04-19T05:20:00.000Z,20516.29,20530.22,20336.71,20367.76,
2023-04-20T01:20:00.000Z,20354.83,20472.5,20308.33,20368.47,
2023-04-20T05:20:00.000Z,20368.68,20466.21,20321.67,20396.97,
2023-04-21T01:20:00.000Z,20330.15,20378.9,20132.27,20153.89,
2023-04-21T05:20:00.000Z,20153.47,20218.94,19974.91,20075.73,
2023-04-24T01:20:00.000Z,20049.87,20146.37,19832.94,19853.23,
2023-04-24T05:20:00.000Z,19853.82,19959.94,19734.68,19959.94,
2023-04-25T01:20:00.000Z,19903.53,19910.28,19579.94,19620.98,
2023-04-25T05:20:00.000Z,19619.29,19645.09,19527.63,19617.88,
2023-04-26T01:20:00.000Z,19520.97,19776.67,19520.97,19767.54,
2023-04-26T05:20:00.000Z,19770,19903.73,19730.37,19757.27,
2023-04-27T01:20:00.000Z,19736.35,19818.68,19662.6,19738.52,
2023-04-27T05:20:00.000Z,19749.68,19880.29,19734.27,19840.28,
2023-04-28T01:20:00.000Z,19936.02,20167.88,19936.02,19984.88,
2023-04-28T05:20:00.000Z,19985.84,20027.14,19879.07,19894.57,
2023-05-02T01:20:00.000Z,20122.9,20286.46,19761.13,19973.62,
2023-05-02T05:20:00.000Z,19972.7,20021.48,19866.03,19933.81,
2023-05-03T01:20:00.000Z,19686.15,19721.96,19538.72,19608.19,
2023-05-03T05:20:00.000Z,19607.42,19699.16,19558.11,19699.16,
2023-05-04T01:20:00.000Z,19695.73,19974.46,19695.73,19908.64,
2023-05-04T05:20:00.000Z,19908.13,19979.77,19835.3,19948.73,
2023-05-05T01:20:00.000Z,20061,20208.75,19968.41,20059.39,
2023-05-05T05:20:00.000Z,20057.76,20114.61,19992,20049.31,
2023-05-08T01:20:00.000Z,20128.18,20266.9,20081.7,20208.77,
2023-05-08T05:20:00.000Z,20208.4,20321.74,20175.53,20297.03,
2023-05-09T01:20:00.000Z,20252.13,20297.83,20159.13,20227.14,
2023-05-09T05:20:00.000Z,20233.3,20236.94,19817.78,19867.58,
2023-05-10T01:20:00.000Z,19860.5,19880.03,19696.59,19802.12,
2023-05-10T05:20:00.000Z,19805.06,19823.7,19720.09,19762.2,
2023-05-11T01:20:00.000Z,19842.98,19854.49,19632.36,19673.39,
2023-05-11T05:20:00.000Z,19672.9,19761.79,19567.62,19743.79,
2023-05-12T01:20:00.000Z,19850.84,19853.37,19628.45,19689.23,
2023-05-12T05:20:00.000Z,19680.59,19694.67,19596.49,19627.24,
2023-05-15T01:20:00.000Z,19525.06,19760.49,19498.04,19760.49,
2023-05-15T05:20:00.000Z,19759.34,20063.35,19759.34,19971.13,
2023-05-16T01:20:00.000Z,20183.28,20183.28,19987.17,20004.01,
2023-05-16T05:20:00.000Z,20004.8,20010.33,19891.49,19978.25,
2023-05-17T01:20:00.000Z,19956.13,19987.93,19814.83,19818.67,
2023-05-17T05:20:00.000Z,19818.9,19823.5,19538.09,19560.57,
2023-05-18T01:20:00.000Z,19702.73,19894.23,19644.85,19778.05,
2023-05-18T05:20:00.000Z,19777.79,19778.72,19630.76,19727.25,
2023-05-19T01:20:00.000Z,19535.49,19610.72,19352.81,19479.74,
2023-05-19T05:20:00.000Z,19480.26,19531.75,19421.05,19450.57,
2023-05-22T01:20:00.000Z,19479.06,19784.71,19410.07,19704.09,
2023-05-22T05:20:00.000Z,19705.01,19806.44,19644.61,19678.17,
2023-05-23T01:20:00.000Z,19713.46,19769.14,19527.5,19550.24,
2023-05-23T05:20:00.000Z,19550.86,19586.96,19363.5,19431.25,
2023-05-24T01:20:00.000Z,19279.39,19304.2,19156.28,19244.69,
2023-05-24T05:20:00.000Z,19246.65,19248.11,19046.8,19115.93,
2023-05-25T01:20:00.000Z,18930.23,18930.23,18658.81,18662.48,
2023-05-25T05:20:00.000Z,18660.06,18766.64,18620.84,18746.92,
2023-05-29T01:20:00.000Z,18827.08,18879.09,18638.35,18668.54,
2023-05-29T05:20:00.000Z,18669.36,18669.36,18517.86,18551.11,
2023-05-30T01:20:00.000Z,18574.19,18666.71,18369.93,18400.37,
2023-05-30T05:20:00.000Z,18383.71,18625.74,18382.08,18595.78,
2023-05-31T01:20:00.000Z,18415,18415,18109.19,18147.46,
2023-05-31T05:20:00.000Z,18148.24,18234.27,18044.86,18234.27,
2023-06-01T01:20:00.000Z,18190.27,18465.64,18190.27,18409.77,
2023-06-01T05:20:00.000Z,18409.57,18459.93,18213.37,18216.91,
2023-06-02T01:20:00.000Z,18566.81,18911.35,18548.3,18891.63,
2023-06-02T05:20:00.000Z,18890.44,19024.91,18832.88,18949.94,
2023-06-05T01:20:00.000Z,19014.96,19090.82,18896.13,18972.76,
2023-06-05T05:20:00.000Z,18972.13,19123.8,18922.52,19108.5,
2023-06-06T01:20:00.000Z,19117.11,19377.38,19043.93,19252.97,
2023-06-06T05:20:00.000Z,19251.63,19252.66,19033.85,19099.28,
2023-06-07T01:20:00.000Z,19327.15,19410.48,19210.41,19321.37,
2023-06-07T05:20:00.000Z,19320.29,19338.39,19196.09,19252,
2023-06-08T01:20:00.000Z,19227.84,19272.58,19087.66,19204.12,
2023-06-08T05:20:00.000Z,19204.95,19339.82,19184.15,19299.18,
2023-06-09T01:20:00.000Z,19333.43,19393.73,19231.13,19357.25,
2023-06-09T05:20:00.000Z,19365.81,19463.61,19334.44,19389.95,
2023-06-12T01:20:00.000Z,19440.99,19440.99,19255.65,19386.24,
2023-06-12T05:20:00.000Z,19386.27,19437.14,19333.41,19404.31,
2023-06-13T01:20:00.000Z,19355.65,19511.79,19273.42,19465.5,
2023-06-13T05:20:00.000Z,19467.52,19572.42,19422.48,19521.42,
2023-06-14T01:20:00.000Z,19547.58,19641.16,19460.5,19497.25,
2023-06-14T05:20:00.000Z,19493.72,19494.95,19352.34,19408.42,
2023-06-15T01:20:00.000Z,19626.8,19681.51,19510.76,19612.99,
2023-06-15T05:20:00.000Z,19613.32,19832.2,19613.32,19828.92,
2023-06-16T01:20:00.000Z,19915.44,20003.35,19876.42,19997.95,
2023-06-16T05:20:00.000Z,20010.76,20155.92,19961.84,20040.37,
2023-06-19T01:20:00.000Z,19983.4,20000.22,19718.43,19727.77,
2023-06-19T05:20:00.000Z,19728.33,19963.42,19727.07,19912.89,
2023-06-20T01:20:00.000Z,19863.86,19863.86,19586.29,19594.7,
2023-06-20T05:20:00.000Z,19594.47,19633.29,19504.63,19607.08,
2023-06-21T01:20:00.000Z,19305.24,19377.69,19192.55,19217.13,
2023-06-21T05:20:00.000Z,19216.92,19259.47,19174.16,19218.35,
2023-06-23T01:20:00.000Z,19135.02,19138.42,18800.34,18857.44,
2023-06-23T05:20:00.000Z,18865.97,18993.22,18802.95,18889.97,
2023-06-26T01:20:00.000Z,18845.9,19001.62,18767.15,18826.13,
2023-06-26T05:20:00.000Z,18826.23,18861.22,18770.19,18794.13,
2023-06-27T01:20:00.000Z,18851.66,19121.82,18842.42,19094.65,
2023-06-27T05:20:00.000Z,19095.51,19226.32,19041.2,19148.13,
2023-06-28T01:20:00.000Z,19099.39,19222.13,19019.26,19080.8,
2023-06-28T05:20:00.000Z,19079.06,19220.11,19077.51,19172.05,
2023-06-29T01:20:00.000Z,19180.28,19180.28,18870.24,18920.04,
2023-06-29T05:20:00.000Z,18908.42,18987.64,18837.32,18934.36,
2023-06-30T01:20:00.000Z,18881.43,19070.11,18838.62,18993.2,
2023-06-30T05:20:00.000Z,18993.4,19030.16,18880.43,18916.43,
2023-07-03T01:20:00.000Z,19002.55,19280.33,19002.55,19239.48,
2023-07-03T05:20:00.000Z,19239.67,19371.71,19217.18,19306.59,
2023-07-04T01:20:00.000Z,19289.06,19449.11,19253.22,19396.5,
2023-07-04T05:20:00.000Z,19398.46,19434.15,19270.7,19415.68,
2023-07-05T01:20:00.000Z,19355.06,19378.9,19113.09,19152.94,
2023-07-05T05:20:00.000Z,19153.05,19181.19,19095.6,19110.38,
2023-07-06T01:20:00.000Z,18840.41,18973.01,18503.73,18562.07,
2023-07-06T05:20:00.000Z,18562.21,18580.71,18483.08,18533.05,
2023-07-07T01:20:00.000Z,18435.46,18527.9,18279.73,18494.91,
2023-07-07T05:20:00.000Z,18491.45,18537.75,18344.81,18365.7,
2023-07-10T01:20:00.000Z,18747.5,18781.21,18448.95,18463.19,
2023-07-10T05:20:00.000Z,18463.53,18516.57,18417.63,18479.72,
2023-07-11T01:20:00.000Z,18671.42,18806.55,18573.67,18717.85,
2023-07-11T05:20:00.000Z,18717.97,18768.97,18624.29,18659.83,
2023-07-12T01:20:00.000Z,18797.01,18932.18,18739.6,18888.18,
2023-07-12T05:20:00.000Z,18889.43,18890.87,18767.2,18860.95,
2023-07-13T01:20:00.000Z,19181.31,19368.92,19163.21,19322.29,
2023-07-13T05:20:00.000Z,19321.38,19364.97,19300.93,19350.62,
2023-07-14T01:20:00.000Z,19534.82,19534.82,19364.6,19410.78,
2023-07-14T05:20:00.000Z,19419.67,19454.07,19371.34,19413.78,
2023-07-18T01:20:00.000Z,19324.34,19324.34,18979.92,19051.83,
2023-07-18T05:20:00.000Z,19052.53,19055.78,18996.3,19015.72,
2023-07-19T01:20:00.000Z,18826.59,18869.64,18711.03,18815.25,
2023-07-19T05:20:00.000Z,18815.14,19004.42,18800.42,18952.31,
2023-07-20T01:20:00.000Z,19003.28,19215.74,18916.9,19024.14,
2023-07-20T05:20:00.000Z,19022.72,19040.3,18888.76,18928.02,
2023-07-21T01:20:00.000Z,18918.7,19169.75,18886.43,18995,
2023-07-21T05:20:00.000Z,18994.81,19075.26,18937.59,19075.26,
2023-07-24T01:20:00.000Z,18867.61,18946.56,18755.62,18781.51,
2023-07-24T05:20:00.000Z,18780.69,18783.33,18562.12,18668.15,
2023-07-25T01:20:00.000Z,19172.28,19328.01,19111.82,19283.05,
2023-07-25T05:20:00.000Z,19282,19465.27,19255.34,19434.4,
2023-07-26T01:20:00.000Z,19340.77,19404.5,19245.66,19264.63,
2023-07-26T05:20:00.000Z,19264.91,19395.99,19258.93,19365.14,
2023-07-27T01:20:00.000Z,19502.09,19685.79,19482.47,19673.73,
2023-07-27T05:20:00.000Z,19674.41,19678.37,19533.96,19639.11,
2023-07-28T01:20:00.000Z,19418.48,19883.59,19381.9,19837.64,
2023-07-28T05:20:00.000Z,19857.13,19940.59,19815.99,19916.56,
2023-07-31T01:20:00.000Z,20237.53,20361.03,20082.93,20155.22,
2023-07-31T05:20:00.000Z,20155.9,20239.22,20019.79,20078.94,
2023-08-01T01:20:00.000Z,20211.2,20331.28,19952.51,19957.4,
2023-08-01T05:20:00.000Z,19957.14,20048.27,19891.81,20011.12,
2023-08-02T01:20:00.000Z,19902.77,19981,19544.64,19583.75,
2023-08-02T05:20:00.000Z,19583.32,19634.41,19475.15,19517.38,
2023-08-03T01:20:00.000Z,19404.14,19582.31,19369.06,19578.22,
2023-08-03T05:20:00.000Z,19579.5,19650.16,19412.43,19420.87,
2023-08-04T01:20:00.000Z,19671.13,19857.39,19507.18,19640.78,
2023-08-04T05:20:00.000Z,19633.5,19685.98,19461.61,19539.46,
2023-08-07T01:20:00.000Z,19474.66,19581.82,19352.35,19492.73,
2023-08-07T05:20:00.000Z,19492.54,19546.37,19467.19,19537.92,
2023-08-08T01:20:00.000Z,19308.55,19370.8,19144.27,19266.5,
2023-08-08T05:20:00.000Z,19267.82,19274.53,19112.61,19184.17,
2023-08-09T01:20:00.000Z,19059.58,19270.48,19056.1,19183.23,
2023-08-09T05:20:00.000Z,19185.17,19246.03,19111.68,19246.03,
2023-08-10T01:20:00.000Z,19125,19198.51,19030.39,19060.85,
2023-08-10T05:20:00.000Z,19060.36,19315.17,19060.36,19248.26,
2023-08-11T01:20:00.000Z,19319.91,19346.29,19052.87,19160.28,
2023-08-11T05:20:00.000Z,19159.9,19181.74,19049.92,19075.19,
2023-08-14T01:20:00.000Z,18697.33,18751.42,18554.51,18608.84,
2023-08-14T05:20:00.000Z,18609.22,18792.72,18607.05,18773.55,
2023-08-15T01:20:00.000Z,18599.2,18745.82,18556.84,18587.78,
2023-08-15T05:20:00.000Z,18587.89,18678.06,18513.78,18581.11,
2023-08-16T01:20:00.000Z,18356.65,18440.96,18304.23,18316.93,
2023-08-16T05:20:00.000Z,18314.53,18345.16,18261.85,18329.3,
2023-08-17T01:20:00.000Z,18023.11,18332.48,17900.77,18211.66,
2023-08-17T05:20:00.000Z,18212.19,18399.2,18097.3,18326.63,
2023-08-18T01:20:00.000Z,18208.98,18336.41,17983.2,17985.45,
2023-08-18T05:20:00.000Z,17987.68,18099.12,17936.43,17950.85,
2023-08-21T01:20:00.000Z,17798.47,17867.66,17631.85,17704.01,
2023-08-21T05:20:00.000Z,17705.78,17713.68,17587.38,17623.29,
2023-08-22T01:20:00.000Z,17641.86,17802.36,17593.79,17645.45,
2023-08-22T05:20:00.000Z,17645.57,17965.26,17573.7,17791.01,
2023-08-23T01:20:00.000Z,17762.76,17925.21,17730.79,17913.92,
2023-08-23T05:20:00.000Z,17913.98,18000.53,17793.72,17845.92,
2023-08-24T01:20:00.000Z,17992.73,18240.78,17945.01,18237.36,
2023-08-24T05:20:00.000Z,18251.72,18272.95,18172.41,18212.17,
2023-08-25T01:20:00.000Z,18037.6,18084.06,17975.27,18009.92,
2023-08-25T05:20:00.000Z,18020.95,18137.65,17956.38,17956.38,
2023-08-28T01:20:00.000Z,18519.08,18564.43,18199.99,18217.51,
2023-08-28T05:20:00.000Z,18217.74,18236.06,18113.23,18130.74,
2023-08-29T01:20:00.000Z,18261.69,18539.11,18239.92,18488.4,
2023-08-29T05:20:00.000Z,18488.44,18583.8,18452.51,18484.03,
2023-08-30T01:20:00.000Z,18659.96,18742.14,18542.45,18583.07,
2023-08-30T05:20:00.000Z,18593.93,18593.93,18427.22,18482.86,
2023-08-31T01:20:00.000Z,18580.47,18667.18,18393.01,18417.98,
2023-08-31T05:20:00.000Z,18418.51,18453.57,18312.76,18382.06,
2023-09-04T01:20:00.000Z,18592.53,18899.49,18575.45,18848.73,
2023-09-04T05:20:00.000Z,18846.77,18858.09,18789.17,18844.16,
2023-09-05T01:20:00.000Z,18717.42,18725.5,18525.8,18577.44,
2023-09-05T05:20:00.000Z,18578.57,18621.56,18431.72,18456.91,
2023-09-06T01:20:00.000Z,18405.09,18434.56,18256.1,18356.05,
2023-09-06T05:20:00.000Z,18357.52,18492.59,18345.75,18449.98,
2023-09-07T01:20:00.000Z,18437.48,18437.48,18237.75,18267.81,
2023-09-07T05:20:00.000Z,18267.95,18268.29,18173.44,18202.07,
2023-09-11T01:20:00.000Z,17941.65,18071.64,17842.37,18022.45,
2023-09-11T05:20:00.000Z,18037.38,18164.61,17955.42,18096.45,
2023-09-12T01:20:00.000Z,18015.56,18145.58,17892.01,18062.89,
2023-09-12T05:20:00.000Z,18063.04,18112.93,18023.77,18025.89,
2023-09-13T01:20:00.000Z,18131.1,18200.52,17954.97,18021.3,
2023-09-13T05:20:00.000Z,18023.05,18044.78,17960.54,18009.22,
2023-09-14T01:20:00.000Z,18101.96,18173.54,17928.63,17977.86,
2023-09-14T05:20:00.000Z,17978.47,18131.33,17974.57,18047.92,
2023-09-15T01:20:00.000Z,18154.01,18372.65,18030.79,18297.18,
2023-09-15T05:20:00.000Z,18290.17,18298.91,18182.89,18182.89,
2023-09-18T01:20:00.000Z,18069.04,18114.82,17894.81,17996.38,
2023-09-18T05:20:00.000Z,17996.68,18035.64,17930.55,17930.55,
2023-09-19T01:20:00.000Z,17942.07,17981.4,17832.3,17911.56,
2023-09-19T05:20:00.000Z,17911.64,18004.74,17879.72,17997.17,
2023-09-20T01:20:00.000Z,17939.25,17995.38,17833.2,17877.41,
2023-09-20T05:20:00.000Z,17877.88,17986.58,17864.75,17885.6,
2023-09-21T01:20:00.000Z,17795.8,17823.82,17623.87,17667.55,
2023-09-21T05:20:00.000Z,17667.17,17699.9,17627.1,17655.41,
2023-09-22T01:20:00.000Z,17578.26,17889.06,17573.81,17823.36,
2023-09-22T05:20:00.000Z,17833.66,18078.69,17806.5,18057.45,
2023-09-25T01:20:00.000Z,18046.89,18046.89,17769.45,17832.46,
2023-09-25T05:20:00.000Z,17830.18,17847.91,17722.49,17729.29,
2023-09-26T01:20:00.000Z,17661.85,17718.18,17525.12,17559.93,
2023-09-26T05:20:00.000Z,17561.28,17604.87,17379.44,17466.9,
2023-09-27T01:20:00.000Z,17472.11,17655.31,17472.11,17548.18,
2023-09-27T05:20:00.000Z,17546.64,17621.62,17534.22,17611.87,
2023-09-28T01:20:00.000Z,17587.08,17627.73,17380.99,17459.77,
2023-09-28T05:20:00.000Z,17467.31,17468.49,17352.83,17373.03,
2023-09-29T01:20:00.000Z,17484.95,17860.22,17482.39,17837.4,
2023-09-29T05:20:00.000Z,17839.08,17935.15,17800.37,17809.66,
2023-10-03T01:20:00.000Z,17546.39,17546.39,17212.87,17219.48,
2023-10-03T05:20:00.000Z,17217.47,17331.22,17217.47,17331.22,
2023-10-04T01:20:00.000Z,17266.82,17266.82,17107.78,17171.62,
2023-10-04T05:20:00.000Z,17171.29,17195.84,17094,17195.84,
2023-10-05T01:20:00.000Z,17249.97,17336.43,17197.61,17287.87,
2023-10-05T05:20:00.000Z,17287.63,17307.3,17199.52,17213.87,
2023-10-06T01:20:00.000Z,17370.03,17603.8,17370.03,17473.03,
2023-10-06T05:20:00.000Z,17466.18,17506.81,17432.15,17485.98,
2023-10-09T05:20:00.000Z,17500.37,17633.19,17447.76,17517.4,
2023-10-10T01:20:00.000Z,17726.63,17916.62,17697.09,17721.66,
2023-10-10T05:20:00.000Z,17722.31,17759.45,17638.01,17664.73,
2023-10-11T01:20:00.000Z,17956.83,18012.06,17889.71,17963.15,
2023-10-11T05:20:00.000Z,17961.42,18022.45,17893.1,17893.1,
2023-10-12T01:20:00.000Z,18258.26,18288.68,18175.35,18254.1,
2023-10-12T05:20:00.000Z,18255.8,18290.91,18209.95,18238.21,
2023-10-13T01:20:00.000Z,17946.77,18013.67,17842.14,17870.12,
2023-10-13T05:20:00.000Z,17859.03,17877.4,17776.95,17813.45,
2023-10-16T01:20:00.000Z,17803.31,17858.18,17708.4,17712.08,
2023-10-16T05:20:00.000Z,17713.04,17713.04,17601.5,17640.36,
2023-10-17T01:20:00.000Z,17806.23,17815.71,17671.99,17764.08,
2023-10-17T05:20:00.000Z,17764.31,17793.08,17723.18,17773.34,
2023-10-18T01:20:00.000Z,17728.25,17831.18,17625.89,17740.62,
2023-10-18T05:20:00.000Z,17740.88,17789.95,17711.89,17732.52,
2023-10-19T01:20:00.000Z,17540.46,17540.46,17369.59,17393.62,
2023-10-19T05:20:00.000Z,17394.08,17399.78,17292.36,17295.89,
2023-10-20T01:20:00.000Z,17127.26,17309.74,17127.26,17228.59,
2023-10-20T05:20:00.000Z,17217.51,17244.18,17118.07,17172.13,
2023-10-24T01:20:00.000Z,17053.15,17139.53,16879.66,17054.5,
2023-10-24T05:20:00.000Z,17053.38,17075.55,16991.53,16991.53,
2023-10-25T01:20:00.000Z,17465.43,17465.82,17175.63,17175.63,
2023-10-25T05:20:00.000Z,17176.2,17195.91,17001.43,17085.33,
2023-10-26T01:20:00.000Z,17085.12,17174.08,16917.22,16956.66,
2023-10-26T05:20:00.000Z,16956.47,17090.86,16924.4,17044.61,
2023-10-27T01:20:00.000Z,17160.23,17342.71,17078.24,17293.36,
2023-10-27T05:20:00.000Z,17293.19,17497.72,17282.29,17398.73,
2023-10-30T01:20:00.000Z,17225.65,17401.33,17225.65,17328.55,
2023-10-30T05:20:00.000Z,17325.63,17406.36,17313.98,17406.36,
2023-10-31T01:20:00.000Z,17337.7,17337.7,17042.1,17069.53,
2023-10-31T05:20:00.000Z,17070.06,17166.75,17065.85,17112.48,
2023-11-01T01:20:00.000Z,17139.4,17188.85,16979.26,17103.65,
2023-11-01T05:20:00.000Z,17104.67,17143.98,17050.21,17101.78,
2023-11-02T01:20:00.000Z,17282.39,17459.43,17255.53,17260.04,
2023-11-02T05:20:00.000Z,17258.13,17275.57,17176.01,17230.59,
2023-11-03T01:20:00.000Z,17405.91,17651.48,17352.6,17608.72,
2023-11-03T05:20:00.000Z,17620.02,17729.43,17597.44,17664.12,
2023-11-06T01:20:00.000Z,17913.54,18037.94,17900.53,17943.99,
2023-11-06T05:20:00.000Z,17942.85,17994.4,17899.35,17966.59,
2023-11-07T01:20:00.000Z,17850.59,17890.63,17669.81,17713.21,
2023-11-07T05:20:00.000Z,17714.11,17768.54,17658.91,17670.16,
2023-11-08T01:20:00.000Z,17650.51,17753.59,17588.13,17656.14,
2023-11-08T05:20:00.000Z,17657.29,17664.77,17537.2,17568.46,
2023-11-09T01:20:00.000Z,17553.26,17617.27,17457,17533.87,
2023-11-09T05:20:00.000Z,17534.64,17550.74,17491.52,17511.29,
2023-11-10T01:20:00.000Z,17350.87,17350.87,17198.38,17227.26,
2023-11-10T05:20:00.000Z,17217.65,17280.78,17177.53,17203.26,
2023-11-13T01:20:00.000Z,17263,17339.63,17126.61,17191.03,
2023-11-13T05:20:00.000Z,17191.51,17456.08,17190.24,17426.21,
2023-11-14T01:20:00.000Z,17495.1,17565.22,17358.89,17381.71,
2023-11-14T05:20:00.000Z,17381.98,17473.53,17381.98,17396.86,
2023-11-15T01:20:00.000Z,17836.65,17917.28,17766.22,17906.89,
2023-11-15T05:20:00.000Z,17905.39,18102.28,17895.31,18079,
2023-11-16T01:20:00.000Z,18174.69,18174.69,17722.86,17850.91,
2023-11-16T05:20:00.000Z,17851.04,17931.52,17804.48,17832.82,
2023-11-17T01:20:00.000Z,17584.32,17631.04,17435.18,17455.66,
2023-11-17T05:20:00.000Z,17446.55,17488.25,17413.46,17454.19,
2023-11-20T01:20:00.000Z,17625.84,17774.19,17532.73,17751.33,
2023-11-20T05:20:00.000Z,17749.94,17788.9,17668.61,17778.07,
2023-11-21T01:20:00.000Z,17932.54,18057.62,17921.78,17970.04,
2023-11-21T05:20:00.000Z,17969.79,17985.87,17689.01,17733.89,
2023-11-22T01:20:00.000Z,17736.4,17796.86,17683.57,17739.22,
2023-11-22T05:20:00.000Z,17741.38,17754.21,17650.49,17734.6,
2023-11-23T01:20:00.000Z,17680.05,17723.2,17577.31,17651.06,
2023-11-23T05:20:00.000Z,17651.07,17927.36,17633.6,17910.84,
2023-11-24T01:20:00.000Z,17771.75,17771.75,17605.6,17653.96,
2023-11-24T05:20:00.000Z,17649.36,17681.72,17545.61,17559.42,
2023-11-27T01:20:00.000Z,17677.52,17677.52,17358.24,17448,
2023-11-27T05:20:00.000Z,17447.31,17554.93,17431.69,17525.06,
2023-11-28T01:20:00.000Z,17541.48,17541.48,17363.01,17376.75,
2023-11-28T05:20:00.000Z,17377.78,17401.43,17303.82,17354.14,
2023-11-29T01:20:00.000Z,17359.08,17359.08,16994.9,17009.29,
2023-11-29T05:20:00.000Z,16993.76,17011.13,16881.98,16993.44,
2023-11-30T01:20:00.000Z,16985.18,17065.18,16863.05,16972.24,
2023-11-30T05:20:00.000Z,16971.55,17068.26,16953.53,17042.88,
2023-12-01T01:20:00.000Z,17019.17,17027.27,16867.1,16892.45,
2023-12-01T05:20:00.000Z,16892.54,17038.98,16830.3,16830.3,
2023-12-04T01:20:00.000Z,16919.08,16941.91,16710.78,16725.58,
2023-12-04T05:20:00.000Z,16725.47,16812.44,16617.03,16646.05,
2023-12-05T01:20:00.000Z,16606.54,16606.54,16332.84,16340.57,
2023-12-05T05:20:00.000Z,16339.59,16407.6,16228.52,16327.86,
2023-12-06T01:20:00.000Z,16311.96,16468.05,16234.84,16448.06,
